stage,MB,NB,KB,avg_ms,sd_ms,gflops
1,32,32,16,974.8822119921291,2.3665513688780813,0.03441896014435732
1,32,32,32,857.8202346592055,1.061835873614919,0.039115925043818174
1,32,32,48,840.0533790118061,8.987737188392822,0.039943214131787246
1,32,32,64,816.752680654948,0.6804247795262313,0.04108273262487849
1,32,32,96,801.794073660858,2.4028236673514503,0.041849189339596964
1,32,32,128,787.7475910063367,4.757140498248815,0.042595410488192896
2,8,8,128,812.9675876795469,0.6901485295038206,0.04127400957739828
2,8,16,128,791.4647819998208,0.6355715989271481,0.04239535701792931
2,8,32,128,799.2926266645858,12.198652057172566,0.041980159556858694
2,8,48,128,804.2956760133771,2.053857266848396,0.041719025727351935
2,8,64,128,803.856622990376,2.7362440702645605,0.04174181196041688
2,16,8,128,806.603387997408,3.356875135101125,0.04159966657629242
2,16,16,128,795.7108903307623,5.886724625895164,0.04216912500223799
2,16,32,128,801.0679653283054,0.6112332427138032,0.04188712250682529
2,16,48,128,799.0382259983259,1.099341232475881,0.04199352535115173
2,16,64,128,806.8312989974705,6.687061226231736,0.04158791564196024
2,32,8,128,807.8725920058787,1.9064137551439073,0.04153431163778834
2,32,16,128,802.970564662246,7.547227243745828,0.041787873026346886
2,32,32,128,808.2534690038301,0.5896200732912291,0.041514739233171165
2,32,48,128,810.3822453219133,2.826624433968458,0.04140568502543014
2,32,64,128,813.5566236548281,1.2423879658317198,0.04124412613010243
2,48,8,128,816.6927573329303,9.25809493676618,0.04108574699447384
2,48,16,128,807.5577853305731,0.527873767177328,0.04155050277456557
2,48,32,128,797.1766336704604,2.3992452920109177,0.04209158997235592
2,48,48,128,797.4003599956632,4.973474801808824,0.04207978035046597
2,48,64,128,805.2773753297515,6.99236152723524,0.041668166805580324
2,64,8,128,821.4459140047742,3.4158244020342905,0.040848011327261874
2,64,16,128,813.9593893429264,4.679316280285502,0.04122371759491222
2,64,32,128,799.1280453182602,2.371572328853655,0.04198880541933256
2,64,48,128,804.0317716659047,0.5464595274635731,0.041732719007455725
2,64,64,128,806.4544070124006,2.676503806575648,0.041607351523201545
2,8,8,96,841.5808403418245,1.5581398515343607,0.03987071757286111
2,8,16,96,822.8863996628206,3.5712872619812694,0.040776505740949175
2,8,32,96,823.6681336711626,7.887960721221266,0.040737805225564444
2,8,48,96,813.7582946704546,10.166580475834346,0.041233904735297894
2,8,64,96,813.6527650155282,11.352626145290056,0.041239252716556096
2,16,8,96,834.8431786677489,2.198458532617324,0.04019249705501157
2,16,16,96,821.6067626684284,11.918667569459432,0.04084001437746368
2,16,32,96,832.2679866687395,3.210200914933786,0.040316860118945544
2,16,48,96,814.1475239826832,1.0747236444088664,0.041214191545847774
2,16,64,96,816.7090813318888,4.729761998269272,0.041084925791788
2,32,8,96,830.6670543291451,1.180848302876583,0.04039456220771737
2,32,16,96,822.9440423310734,4.146541596678246,0.04077364957276272
2,32,32,96,815.5826020035116,3.2085072179736134,0.04114167212195574
2,32,48,96,810.9697869901235,3.9063905933824206,0.04137568691003361
2,32,64,96,818.6486206638316,12.437170001312262,0.04098758753516392
2,48,8,96,827.0039726727797,10.344093390753516,0.040573483452027465
2,48,16,96,813.6768293334171,3.262794423298635,0.04123803307449293
2,48,32,96,816.8829569961721,2.760665253307224,0.04107618075836198
2,48,48,96,850.28279600859,6.881854451206213,0.03946267307478372
2,48,64,96,827.3220443322012,4.221041719616561,0.04055788459871694
2,64,8,96,842.8515413349184,5.087745002139987,0.03981060762712267
2,64,16,96,824.3554693375094,4.532186665529043,0.04070383863282415
2,64,32,96,828.814079335037,10.920739518618024,0.04048487210415265
2,64,48,96,835.0438516742239,8.336287131376057,0.04018283822187892
2,64,64,96,828.7870500062127,2.819904875402906,0.040486192442013264
3,4,8,128,884.5919176722722,64.16471683078005,0.03793210330057685
3,4,16,128,829.2527596640866,5.404710440640968,0.04046345533247573
3,4,24,128,811.8070736624455,7.695180046250381,0.04133301259450733
3,4,40,96,833.7006383420279,12.475597045285946,0.0402475786353353
3,4,48,96,817.9893276731794,4.1337770330685535,0.041020623209654376
3,4,56,96,817.5998873387774,0.7616579580121032,0.04104016221090368
3,4,64,96,829.1028686702097,11.275599025812852,0.04047077059788448
3,4,72,96,811.766405007802,2.1794921565848813,0.04133508333555329
3,8,8,128,838.2602219935507,14.11646841156282,0.040028658308753864
3,8,16,128,812.6388409970483,3.9613906101296106,0.041290706654915944
3,8,24,128,819.3643133272417,11.635412798942573,0.04095178598118768
3,8,40,96,818.0323239939753,2.0627821452024078,0.04101846713852731
3,8,40,128,808.8659726684758,5.6010631635918555,0.04148330271491432
3,8,48,96,836.1872676759958,25.780941784432176,0.040127891558618664
3,8,48,128,809.6987470053136,4.678169975332233,0.041440637180311456
3,8,56,96,813.8486490061041,3.75533881273626,0.04122932690369107
3,8,56,128,804.3419176732035,0.9888102999135646,0.041716627298333656
3,8,64,96,818.0551440066969,1.2593713380952591,0.041017322910110954
3,8,72,96,819.2210559888432,0.8427653416603608,0.040958947227617365
3,16,8,128,813.7923423394872,4.207555496933864,0.0412321795797904
3,16,16,128,803.7555423312975,6.4318824227232065,0.041747061429492825
3,16,24,128,809.2905636682796,2.531538809444169,0.04146153866901337
3,16,40,96,819.5292489933005,6.831121423962146,0.04094354416418675
3,16,40,128,806.6648896686578,1.1465537781652049,0.041596494938291755
3,16,48,96,827.8446279970618,4.319070142422918,0.04053228210368853
3,16,48,128,816.870218666736,1.249061863765266,0.04107682130310277
3,16,56,96,823.9942099996066,12.887910605544574,0.040721684197290685
3,16,56,128,828.5524983366486,2.5710145078555544,0.04049765351907312
3,16,64,96,817.8867193346377,5.27104393811003,0.04102576947000313
3,16,72,96,831.1779246626733,12.801584679171995,0.04036973433048982
3,24,8,128,840.885931334924,1.1734659699353636,0.03990366677526836
3,24,16,128,813.5077703530745,14.687400071170469,0.041246602949393925
3,24,24,128,803.1797140138224,4.270968639578606,0.0417769913937624
3,24,40,96,814.6082879975438,3.9683385834498424,0.04119087970794274
3,24,40,128,810.6524696631823,14.213287160358371,0.04139188278047376
3,24,48,96,837.6735226678041,7.574740913093438,0.040056694036522233
3,24,48,128,835.5744933360256,3.0770295830669756,0.04015731962572739
3,24,56,96,838.2753976620734,6.006339619032022,0.04002793365233236
3,24,56,128,797.7613389957696,0.8986319746222751,0.042060739672141384
3,32,40,96,846.3842616571734,0.88936894611703,0.03964444227058557
3,32,48,96,827.6843803372079,13.146844597770048,0.040540129543497665
3,32,56,96,833.3212223369628,11.021207518125221,0.040265903592254716
3,40,8,96,828.8752266671509,4.7117579477975955,0.04048188547620131
3,40,16,96,832.1625669874871,6.404496559728175,0.0403219675230892
3,40,24,96,823.4983630051526,3.0276090528850634,0.040746203644596746
3,40,24,128,799.0689060049286,2.9031110699470024,0.0419919130225711
3,40,32,128,800.3168916717792,1.21046420529974,0.04192643232845962
3,40,40,96,828.7346803214556,8.581498512184526,0.04048875085930356
3,40,40,128,807.6486076655177,1.4135261906946375,0.04154583030482527
3,40,48,96,846.2786106586767,2.739002102803765,0.039649391556622074
3,40,48,128,824.6153993338036,6.166570931942135,0.04069100822893704
3,40,56,96,820.7059763371944,9.631644521896053,0.04088483935471412
3,40,56,128,818.458814668702,2.80174037742509,0.04099709282693993
3,48,8,96,840.5745626563051,7.828685104851093,0.039918448036262745
3,48,16,96,826.6989516657001,1.8006621459673438,0.0405884535505843
3,48,24,96,845.8221436691625,4.902680309960348,0.03967078924470034
3,48,24,128,822.5799910045074,6.554440303673169,0.040791694870944334
3,48,32,128,806.2586059968453,3.2775294545094447,0.041617455925960424
3,48,40,128,814.2513513254622,9.685065289755348,0.041208936215308835
3,48,48,128,805.6998996665546,2.4539222249384682,0.04164631522715439
3,48,56,128,810.4006796590207,3.915175882228259,0.04140474316250346
3,56,8,96,837.1307203293933,3.093575070748923,0.040082667121327284
3,56,16,96,822.9649393373014,5.763169848579414,0.040772614234356026
3,56,24,96,837.7689176704735,11.7019973665302,0.04005213286415842
3,56,24,128,823.6194529939288,8.357569296201278,0.040740213065666074
3,56,32,128,800.1079336584856,1.4607408657344205,0.04193738193117607
3,56,40,128,822.0732000093752,3.177864266025705,0.0408168421007002
3,56,48,128,819.3235359988952,6.115013245596931,0.040953824131381045
3,56,56,128,808.1299163362322,1.3673100302331762,0.04152108630271185
